,Employee Id,First Name,Last Name,Job Title,Hire Date
0,EMP1001,Matthew Evans,Shirley Ramos,DevOps Engineer,2016-09-07
1,EMP1001,Alexander Ross,Lindsey Wolf,Software Engineer,2021-01-01
2,EMP1001,Richard Smith,Tina Hayes,Front-End Developer,2018-08-28
3,EMP1001,James Gonzalez,Jason Harris,Data Scientist,2022-03-25
4,EMP1001,Valerie White,Eric Davis,System Administrator,2003-08-18
5,EMP1001,Robert Harrison,Michael Williams,Software Engineer,2016-03-23
6,EMP1001,Laura Moreno,Michael Wilson,Machine Learning Engineer,2007-11-22
7,EMP1001,Heather Mccarthy,Nicole Hill,System Administrator,2018-04-13
8,EMP1001,Tina Paul,Brenda Young DDS,Product Manager (Tech),2013-09-18
9,EMP1001,Robert Young,Tonya Brennan,Software Engineer,2024-03-21
10,EMP1001,Renee Moore MD,Mark Richard,Site Reliability Engineer (SRE),2003-06-18
11,EMP1001,Jennifer Hoffman,Kristi Hernandez,UI/UX Designer,2003-07-12
12,EMP1001,Randy Farrell,Christopher Peterson,Cloud Architect,2024-10-19
13,EMP1001,David Lee,Juan Doyle,Network Engineer,2009-03-07
14,EMP1001,Casey Perry,Charlene Zavala,DevOps Engineer,2000-11-26
15,EMP1001,Thomas Hunter,Brandon Fitzgerald,Cloud Architect,2009-03-31
16,EMP1001,Melissa Hernandez,Traci Blankenship,System Administrator,2021-07-14
17,EMP1001,Johnny Berg,Timothy Stephens,Product Manager (Tech),2009-04-11
18,EMP1001,David Santiago,Christopher Patterson,System Administrator,2002-10-08
19,EMP1001,Amanda Jordan,Stephanie Ochoa,Cybersecurity Analyst,2015-10-06
20,EMP1001,Teresa Wilson,Wayne Bell,Product Manager (Tech),2010-09-26
21,EMP1001,Carol Graham,Dana Petty,Cybersecurity Analyst,2015-02-20
22,EMP1001,Ryan Massey,James Hunter,Front-End Developer,2011-03-25
23,EMP1001,Meghan Walker,Daniel Davidson,Network Engineer,2011-03-30
24,EMP1001,James Webb DVM,Paul Woods,Cybersecurity Analyst,2013-03-20
25,EMP1001,John Wolf,Vincent Bailey,Network Engineer,2003-11-20
26,EMP1001,Debra Alvarez,Mark Cannon,Product Manager (Tech),2008-08-18
27,EMP1001,Eduardo Watkins,Michael Lewis,UI/UX Designer,2013-02-13
28,EMP1001,Samuel Brandt,Jennifer Thomas,Site Reliability Engineer (SRE),2015-03-22
29,EMP1001,Brittany Andrews,Elizabeth Miller,Machine Learning Engineer,2016-06-16
30,EMP1001,Allison Wheeler,Kathleen Evans,Data Scientist,2010-07-08
31,EMP1001,Vanessa Ramirez,Michael Mckenzie,Front-End Developer,2014-12-12
32,EMP1001,Roger Hendricks,John Carter,Cybersecurity Analyst,2004-02-06
33,EMP1001,Sheila Mcguire,Michelle Williams,Cloud Architect,2004-07-22
34,EMP1001,Anthony Williamson,Vincent Hernandez,Network Engineer,2022-12-24
35,EMP1001,Susan Cervantes,Mark Harrington,Cybersecurity Analyst,2007-06-14
36,EMP1001,Eric Fisher,Michael Johnson,Front-End Developer,2000-10-23
37,EMP1001,Kelly Orozco,Allison Greer,DevOps Engineer,2021-08-14
38,EMP1001,John Boyd,David Dunn,System Administrator,2007-01-02
39,EMP1001,Andrew Gentry,Joseph Barker,Back-End Developer,2013-01-02
40,EMP1001,Melissa Young,Jennifer Acosta,UI/UX Designer,2010-06-14
41,EMP1001,Angela Mercado,Jason Morris,Cybersecurity Analyst,2023-04-03
42,EMP1001,Judy Smith,Ryan Graves,Data Scientist,2024-07-13
43,EMP1001,Julie Mckee,Steven Reed,Product Manager (Tech),2019-07-07
44,EMP1001,Jeffrey May,Alex Nelson,Front-End Developer,2006-07-19
45,EMP1001,Thomas Howard,Craig Harrison,Front-End Developer,2004-11-09
46,EMP1001,Robert Prince,Samantha Moore,Network Engineer,2017-05-20
47,EMP1001,Tyler Murphy,Lisa Graves,Full Stack Developer,2014-01-06
48,EMP1001,Brenda Parker,Joshua Gardner,UI/UX Designer,2016-10-11
49,EMP1001,Anna Brown,Kelly Sparks,Front-End Developer,2002-02-24
50,EMP1001,Timothy Waters,Rebecca Robinson,Cloud Architect,2016-03-06
51,EMP1001,Mr. Nathaniel Greene,Rebecca Lamb,Full Stack Developer,2015-06-24
52,EMP1001,Nicole Gray,Cynthia Wright,Product Manager (Tech),2022-03-23
53,EMP1001,Sarah King,Jeremy Fletcher DDS,Product Manager (Tech),2000-10-03
54,EMP1001,James Wagner,Deborah Walker,Cybersecurity Analyst,2007-11-26
55,EMP1001,Michael Mata,Jeremy Hunter,Back-End Developer,2016-03-14
56,EMP1001,Marc Shields,Stephanie Hansen,Data Administrator (DBA),2013-09-20
57,EMP1001,Felicia Robinson,Kimberly Dickson,DevOps Engineer,2015-03-02
58,EMP1001,Daniel Clark,Brittany Barber,Network Engineer,2014-12-24
59,EMP1001,Christopher Eaton,Angela Walker,System Administrator,2004-04-02
60,EMP1001,Dr. Michael Francis,Sydney Young,Machine Learning Engineer,2010-09-30
61,EMP1001,Michele Nguyen,John Townsend PhD,Cloud Architect,2015-12-01
62,EMP1001,James Sutton,Luis Lawson,Cloud Architect,2003-02-10
63,EMP1001,Toni Rush,Victoria Francis,Software Engineer,2000-11-15
64,EMP1001,Virginia Lewis,Melissa Johnson,Full Stack Developer,2002-10-16
65,EMP1001,Levi Lewis,Thomas Palmer,UI/UX Designer,2002-11-16
66,EMP1001,Kristen Nelson,Jennifer Oliver,Full Stack Developer,2010-02-05
67,EMP1001,Cindy Harper,Kristin Morton,Back-End Developer,2019-12-22
68,EMP1001,Crystal Nunez,Walter May DDS,System Administrator,2017-12-16
69,EMP1001,Sherry Ryan,Megan Lopez,System Administrator,2019-09-08
70,EMP1001,Sheryl Jackson,Andre Hodge,Software Engineer,2013-02-09
71,EMP1001,Bailey Bennett,Gerald Anderson,Cloud Architect,2000-12-16
72,EMP1001,Carol Richards,Sandra Perez,Network Engineer,2015-07-11
73,EMP1001,Natalie Giles,Richard Scott,Data Administrator (DBA),2019-12-24
74,EMP1001,Jill King,Michelle Christensen,Cloud Architect,2002-07-05
75,EMP1001,Amber Cameron,Colleen Brown,Site Reliability Engineer (SRE),2022-05-26
76,EMP1001,Kimberly White,Danny Williams,Cybersecurity Analyst,2011-03-14
77,EMP1001,Nicole Lane,Theresa Oconnell,DevOps Engineer,2010-10-11
78,EMP1001,Lee Walker,Matthew Aguilar,Full Stack Developer,2014-11-20
79,EMP1001,Robert Thomas,Sarah Lang,Cloud Architect,2008-11-11
80,EMP1001,Courtney Smith,Debbie Ward,Product Manager (Tech),2018-03-07
81,EMP1001,Dominique Carter,Veronica Daniels,Cybersecurity Analyst,2007-12-24
82,EMP1001,Kristin Blanchard,Daniel Evans,Data Administrator (DBA),2014-05-18
83,EMP1001,Jerry Harris,Cynthia Murphy,Cybersecurity Analyst,2014-11-12
84,EMP1001,Jake Warren,Jeremy Mcgee,Product Manager (Tech),2021-04-25
85,EMP1001,Nicole Reed,Laura Kelley,System Administrator,2009-04-10
86,EMP1001,Danielle Rivera,Patricia Morgan,Software Engineer,2005-02-28
87,EMP1001,John Terry,Ernest Brown,Software Engineer,2022-02-24
88,EMP1001,James Hahn,Olivia Rodriguez,Data Scientist,2019-05-13
89,EMP1001,David Stewart,Joseph Richardson,Back-End Developer,2002-11-01
90,EMP1001,Marcus Chambers,Kevin Powell,UI/UX Designer,2023-05-04
91,EMP1001,Crystal Ramirez,Kim Rich,Site Reliability Engineer (SRE),2001-08-23
92,EMP1001,Matthew Keith,Tamara Jenkins,System Administrator,2009-12-02
93,EMP1001,Christine Todd,Charles Hoffman,Site Reliability Engineer (SRE),2005-03-08
94,EMP1001,Travis Clark,Daniel Morgan,System Administrator,2014-03-21
95,EMP1001,Hannah Wood,Danielle Smith,Network Engineer,2022-01-30
96,EMP1001,Eric Johnson,Cynthia Dixon,Full Stack Developer,2016-05-06
97,EMP1001,Lindsay Mcdonald,Alyssa Mcdonald,Site Reliability Engineer (SRE),2023-10-06
98,EMP1001,Holly Robertson,Ryan Cervantes,Full Stack Developer,2019-10-05
99,EMP1001,Jessica Alexander,Lynn Gonzalez,DevOps Engineer,2024-03-23
100,EMP1001,Mark Trujillo,Joseph Armstrong,Software Engineer,2020-05-04
101,EMP1001,Mary Hodge,Mary Randolph,Full Stack Developer,2014-10-31
102,EMP1001,Kelli Hall,Mitchell Hester,Site Reliability Engineer (SRE),2010-04-16
103,EMP1001,Mary Burton,Tammy Anderson,UI/UX Designer,2017-06-18
104,EMP1001,Joshua Robertson,Sandra Hall,Full Stack Developer,2006-03-04
105,EMP1001,Nancy Jensen,Daniel Carlson,Data Scientist,2017-07-27
106,EMP1001,Alan Pham,Richard Garcia,Software Engineer,2003-06-13
107,EMP1001,Joseph Bush,Jay Graham,UI/UX Designer,2021-08-01
108,EMP1001,Carolyn Scott,Tyler Yu,Data Administrator (DBA),2007-09-12
109,EMP1001,Michael Irwin,Sara Adams,Cybersecurity Analyst,2010-11-04
110,EMP1001,Daniel Waller,Jacob Jones,Site Reliability Engineer (SRE),2012-12-15
111,EMP1001,Scott Williams,Stephen Brooks,Front-End Developer,2009-10-20
112,EMP1001,Nancy Clark,Dr. Brandon Moore MD,Site Reliability Engineer (SRE),2018-05-26
113,EMP1001,Becky Sanchez DVM,Melissa Shaffer,DevOps Engineer,2011-06-11
114,EMP1001,Benjamin Torres,Jamie Finley,Data Scientist,2021-05-21
115,EMP1001,Clarence Diaz,Kevin Mathews,Back-End Developer,2002-10-31
116,EMP1001,Kristen Graves,Stacey Jones,DevOps Engineer,2023-08-23
117,EMP1001,Brenda Schmidt,Paul Hansen,Product Manager (Tech),2020-02-09
118,EMP1001,Timothy Harrison,Derrick Herman,Data Administrator (DBA),2001-10-10
119,EMP1001,Amanda Smith,Glen Schroeder,Cloud Architect,2017-12-27
120,EMP1001,Willie Warren,Kimberly Mills,Machine Learning Engineer,2019-03-28
121,EMP1001,Mark Chen,Richard Patterson,Machine Learning Engineer,2024-07-04
122,EMP1001,Jeremy Hall,Beverly Rogers,Site Reliability Engineer (SRE),2024-04-05
123,EMP1001,Shane Gonzalez,Julie Johnson,DevOps Engineer,2008-04-01
124,EMP1001,John Hayden,Anne Stevens,Cybersecurity Analyst,2015-05-28
125,EMP1001,Heather Johnson,Anthony Thomas,Software Engineer,2013-09-30
126,EMP1001,Gregory Walker,Shane Brown,UI/UX Designer,2007-05-14
127,EMP1001,Deborah Brown,Eugene Molina,Cybersecurity Analyst,2018-08-09
128,EMP1001,Jeremy Goodwin,Eric Daniel,DevOps Engineer,2012-08-03
129,EMP1001,Mark Williams,Sandra Jensen,Software Engineer,2003-02-15
130,EMP1001,Michael Duffy,Nicholas Morgan,UI/UX Designer,2008-12-05
131,EMP1001,Richard Mitchell,Diane Hubbard,Front-End Developer,2017-12-16
132,EMP1001,Jeff Preston,Carolyn Ruiz,UI/UX Designer,2015-05-17
133,EMP1001,Brittney Montgomery,Amanda Weber,Data Scientist,2016-02-04
134,EMP1001,Christina Blair,Carmen Burke,Network Engineer,2017-07-01
135,EMP1001,Lisa Knox,Eric Campbell,Data Administrator (DBA),2013-09-08
136,EMP1001,Carol Ramirez,Scott Kelley,Cybersecurity Analyst,2015-10-17
137,EMP1001,Dr. David Knight DDS,Maria Phillips,System Administrator,2000-04-18
138,EMP1001,Kathryn Thompson,Richard Garcia,Front-End Developer,2010-12-29
139,EMP1001,Michael Graham,Jerry Rodriguez,Software Engineer,2020-12-13
140,EMP1001,Jose Bray,Nicholas Saunders,Software Engineer,2017-11-25
141,EMP1001,John Hill,Dana Garrett,Network Engineer,2007-10-14
142,EMP1001,Michael Whitehead,Susan Ferguson,Data Scientist,2016-01-13
143,EMP1001,Melissa Miller,Allison Andrews,Cybersecurity Analyst,2001-01-18
144,EMP1001,Kimberly Weber,Beth Lamb,Data Administrator (DBA),2005-07-25
145,EMP1001,Sharon Austin,Erik Rodriguez,DevOps Engineer,2005-07-13
146,EMP1001,Scott Cox,John Hall,Product Manager (Tech),2019-01-14
147,EMP1001,Dr. Tyrone Allen,Luis Rogers,Data Scientist,2003-05-05
148,EMP1001,Jay Callahan,Jackson Watts,UI/UX Designer,2006-01-04
149,EMP1001,Phillip Jones,Susan Scott,Full Stack Developer,2010-10-25
